Ovitrampa ID;Estado;Município;Distrito;Rua;Número;Complemento;Localização;Latitude;Longitude;Ano;Semana;Data do envio da contagem;Ovos;Quem enviou;Observação;Lat_lng;Quarteirão;Data da instalação;Data de coleta
1;Mato Grosso do Sul;Ponta Porã;;Rua:Aymore de oliveira lima;1388;;;-22,57584224;-55,6760529;2026;10;2026-03-23 20:20:58;99;sevpontapora.ms;;-22.57584224,-55.6760529;;2026-03-09;2026-03-13
10;Mato Grosso do Sul;Ponta Porã;;Rua Primavera;224;;Mesa/Varanda;-22,57531435;-55,68473061;2026;10;2026-03-23 20:21:02;189;sevpontapora.ms;;-22.57531435,-55.68473061;;2026-03-09;2026-03-13
100;Mato Grosso do Sul;Ponta Porã;;Rua Anhandui;131;;planteira;-22,52719331;-55,71117505;2026;10;2026-03-23 20:21:48;0;sevpontapora.ms;;-22.52719331,-55.71117505;;2026-03-09;2026-03-13
101;Mato Grosso do Sul;Ponta Porã;;Rua: Tomas Laranjeira;621;;Vaso de plantas;-22,52761064;-55,71482031;2026;10;2026-03-23 20:21:48;130;sevpontapora.ms;;-22.52761064,-55.71482031;;2026-03-09;2026-03-13
102;Mato Grosso do Sul;Ponta Porã;;Rua: Presidente vargas;1534;;Churrasqueira;-22,52836381;-55,7178673;2026;10;2026-03-23 20:21:49;0;sevpontapora.ms;;-22.52836381,-55.7178673;;2026-03-09;2026-03-13
103;Mato Grosso do Sul;Ponta Porã;;Guarda - AGETRAN;S/n;;atrás da tv;-22,52690007;-55,72389433;2026;10;2026-03-23 20:21:49;49;sevpontapora.ms;;-22.52690007,-55.72389433;;2026-03-09;2026-03-13
104;Mato Grosso do Sul;Ponta Porã;;Rua: Calogeras - Arena Royal;;;embaixo do tanque;-22,52915021;-55,72695016;2026;10;2026-03-23 20:21:50;0;sevpontapora.ms;;-22.52915021,-55.72695016;;2026-03-09;2026-03-13
105;Mato Grosso do Sul;Ponta Porã;;Rua: Jorge roberto salomão;679;;vaso de planta;-22,52732321;-55,73038809;2026;10;2026-03-23 20:21:51;72;sevpontapora.ms;;-22.52732321,-55.73038809;;2026-03-09;2026-03-13
106;Mato Grosso do Sul;Ponta Porã;;Rua: Antonio João;1675;;perto do cavalinho;-22,5272091;-55,73398727;2026;10;2026-03-23 20:21:51;173;sevpontapora.ms;;-22.5272091,-55.73398727;;2026-03-09;2026-03-13
107;Mato Grosso do Sul;Ponta Porã;;Rua Jose Bonifacio;19;;pneu do lado do cano;-22,52708862;-55,73718552;2026;10;2026-03-23 20:21:52;0;sevpontapora.ms;;-22.52708862,-55.73718552;;2026-03-09;2026-03-13
108;Mato Grosso do Sul;Ponta Porã;;Av: Brasil - loja de gesso;4702;;mesa do fundo;-22,52385148;-55,73801071;2026;10;2026-03-23 20:21:52;42;sevpontapora.ms;;-22.52385148,-55.73801071;;2026-03-09;2026-03-13
109;Mato Grosso do Sul;Ponta Porã;;Rua: General Osorio - Funcespp;;;plantas;-22,5236532;-55,73380397;2026;10;2026-03-23 20:21:53;4;sevpontapora.ms;;-22.5236532,-55.73380397;;2026-03-09;2026-03-13
11;Mato Grosso do Sul;Ponta Porã;;"Rua; João Manoel Cardinal";1549;;Geladeira/Varanda;-22,57479302;-55,68840108;2026;10;2026-03-23 20:21:02;103;sevpontapora.ms;;-22.57479302,-55.68840108;;2026-03-09;2026-03-13
110;Mato Grosso do Sul;Ponta Porã;;Rua: Carlos Augusto Pissini;36;;plantas;-22,52405001;-55,72976124;2026;10;2026-03-23 20:21:53;0;sevpontapora.ms;;-22.52405001,-55.72976124;;2026-03-09;2026-03-13
111;Mato Grosso do Sul;Ponta Porã;;Rua: Jorge R Salomao;1140;;oficina mecânica;-22,52418281;-55,72567349;2026;10;2026-03-23 20:21:54;58;sevpontapora.ms;;-22.52418281,-55.72567349;;2026-03-09;2026-03-13
112;Mato Grosso do Sul;Ponta Porã;;Rua: Jorge Salomão;1550;;no quarto;-22,52473559;-55,72166349;2026;10;2026-03-23 20:21:54;0;sevpontapora.ms;;-22.52473559,-55.72166349;;2026-03-09;2026-03-13
113;Mato Grosso do Sul;Ponta Porã;;Rua: Santa Maria;23;;na árvore;-22,52338114;-55,71824844;2026;10;2026-03-23 20:21:55;0;sevpontapora.ms;;-22.52338114,-55.71824844;;2026-03-09;2026-03-13
114;Mato Grosso do Sul;Ponta Porã;;Rua: Pedro Manvailer;684;;na garagem;-22,52398929;-55,7145624;2026;10;2026-03-23 20:21:55;0;sevpontapora.ms;;-22.52398929,-55.7145624;;2026-03-09;2026-03-13
115;Mato Grosso do Sul;Ponta Porã;;Rua: Presidente Vargas;2999;;lavanderia;-22,52390475;-55,71092148;2026;10;2026-03-23 20:21:56;0;sevpontapora.ms;;-22.52390475,-55.71092148;;2026-03-09;2026-03-13
116;Mato Grosso do Sul;Ponta Porã;;Rua Guia lopes;3007;;lado da pia;-22,5226287;-55,70809409;2026;10;2026-03-23 20:21:56;150;sevpontapora.ms;;-22.5226287,-55.70809409;;2026-03-09;2026-03-13
117;Mato Grosso do Sul;Ponta Porã;;Rua: Tapirape;997;;Lavanderia;-22,51976429;-55,70817687;2026;10;2026-03-23 20:22:05;0;sevpontapora.ms;;-22.51976429,-55.70817687;;2026-03-09;2026-03-13
118;Mato Grosso do Sul;Ponta Porã;;Rua: Clodomiro novaes;59;;lavanderia;-22,52065237;-55,71061132;2026;10;2026-03-23 20:21:57;201;sevpontapora.ms;;-22.52065237,-55.71061132;;2026-03-09;2026-03-13
119;Mato Grosso do Sul;Ponta Porã;;Rua: Ramon Franco;749;;lavanderia;-22,52099862;-55,71334681;2026;10;2026-03-23 20:21:58;0;sevpontapora.ms;;-22.52099862,-55.71334681;;2026-03-09;2026-03-13
12;Mato Grosso do Sul;Ponta Porã;;"Rua; Dr Helio Brandao";1385;;Chao/Lavanderia;-22,57329254;-55,69029826;2026;10;2026-03-23 20:21:03;6;sevpontapora.ms;;-22.57329254,-55.69029826;;2026-03-09;2026-03-13
120;Mato Grosso do Sul;Ponta Porã;;Rua: Santo Angelo;122;;área de serviço;-22,52076238;-55,7192672;2026;10;2026-03-23 20:21:58;72;sevpontapora.ms;;-22.52076238,-55.7192672;;2026-03-09;2026-03-13
121;Mato Grosso do Sul;Ponta Porã;;Rua: Caçapava;104;;Mesa;-22,52052319;-55,72195895;2026;10;2026-03-23 20:21:59;25;sevpontapora.ms;;-22.52052319,-55.72195895;;2026-03-09;2026-03-13
122;Mato Grosso do Sul;Ponta Porã;;Rua: Honopolis;53;;;-22,52049352;-55,72694745;2026;10;2026-03-23 20:21:59;140;sevpontapora.ms;;-22.52049352,-55.72694745;;2026-03-09;2026-03-13
123;Mato Grosso do Sul;Ponta Porã;;rua Andorinha;524;;;-22,5208314;-55,7299954;2026;10;2026-03-23 20:22:00;0;sevpontapora.ms;;-22.5208314,-55.7299954;;2026-03-09;2026-03-13
124;Mato Grosso do Sul;Ponta Porã;;Rua:Locomotiva;90;;Pia;-22,52053197;-55,73407822;2026;10;2026-03-23 20:22:00;0;sevpontapora.ms;;-22.52053197,-55.73407822;;2026-03-09;2026-03-13
125;Mato Grosso do Sul;Ponta Porã;;Rua: 25 de março;40;;Churrasqueira;-22,52126754;-55,73871798;2026;10;2026-03-23 20:22:01;0;sevpontapora.ms;;-22.52126754,-55.73871798;;2026-03-09;2026-03-13
126;Mato Grosso do Sul;Ponta Porã;;Rua: Salgado Filho;137;;Debaixo da mesa;-22,51668534;-55,74004556;2026;10;2026-03-23 20:22:01;0;sevpontapora.ms;;-22.51668534,-55.74004556;;2026-03-09;2026-03-13
127;Mato Grosso do Sul;Ponta Porã;;Coronel Santana;369;;No depósito;-22,51672091;-55,73791244;2026;10;2026-03-23 20:22:02;0;sevpontapora.ms;;-22.51672091,-55.73791244;;2026-03-09;2026-03-13
128;Mato Grosso do Sul;Ponta Porã;;Rua Pedro Ângelo;281;;Do lado da pia do banheiro;-22,51642095;-55,73429687;2026;10;2026-03-23 20:22:02;0;sevpontapora.ms;;-22.51642095,-55.73429687;;2026-03-09;2026-03-13
129;Mato Grosso do Sul;Ponta Porã;;São Luiz;451;;mesa ao lado da churrasqueira;-22,5167767;-55,73001809;2026;10;2026-03-23 20:22:03;101;sevpontapora.ms;;-22.5167767,-55.73001809;;2026-03-09;2026-03-13
13;Mato Grosso do Sul;Ponta Porã;;R. Manoela Viêira Soares;80;;;-22,57023405;-55,69352631;2026;10;2026-03-23 20:21:03;20;sevpontapora.ms;;-22.57023405,-55.69352631;;2026-03-09;2026-03-13
130;Mato Grosso do Sul;Ponta Porã;;Corinto;404;;Ao lado do sofá da varanda;-22,51685682;-55,72731979;2026;10;2026-03-23 20:22:03;120;sevpontapora.ms;;-22.51685682,-55.72731979;;2026-03-09;2026-03-13
131;Mato Grosso do Sul;Ponta Porã;;Arariba;444;;embaixo da pia;-22,51692195;-55,72226979;2026;10;2026-03-23 20:22:04;0;sevpontapora.ms;;-22.51692195,-55.72226979;;2026-03-09;2026-03-13
132;Mato Grosso do Sul;Ponta Porã;;Travessa Adorinan Barbosa;48;;prateleira;-22,51666426;-55,71834303;2026;10;2026-03-23 20:22:04;60;sevpontapora.ms;;-22.51666426,-55.71834303;;2026-03-09;2026-03-13
133;Mato Grosso do Sul;Ponta Porã;;Hilário Pores;141;;varanda;-22,5166048;-55,71508147;2026;10;2026-03-23 20:22:05;0;sevpontapora.ms;;-22.5166048,-55.71508147;;2026-03-09;2026-03-13
134;Mato Grosso do Sul;Ponta Porã;;Rua Das Peróbas;548;;sala;-22,51713999;-55,71058231;2026;10;2026-03-23 20:22:05;0;sevpontapora.ms;;-22.51713999,-55.71058231;;2026-03-09;2026-03-13
135;Mato Grosso do Sul;Ponta Porã;;Ru 23 de Abri;83;;embaixo da pia;-22,51692195;-55,70633369;2026;10;2026-03-23 20:22:06;101;sevpontapora.ms;;-22.51692195,-55.70633369;;2026-03-09;2026-03-13
136;Mato Grosso do Sul;Ponta Porã;;México;180;;embaixo do tanque;-22,51231232;-55,70392708;2026;10;2026-03-23 20:22:06;0;sevpontapora.ms;;-22.51231232,-55.70392708;;2026-03-09;2026-03-13
137;Mato Grosso do Sul;Ponta Porã;;Costa e Silva;473;;prateleira da sala;-22,5130476;-55,70696636;2026;10;2026-03-23 20:22:07;63;sevpontapora.ms;;-22.5130476,-55.70696636;;2026-03-09;2026-03-13
138;Mato Grosso do Sul;Ponta Porã;;Rua das Aroeiras;905;;embaixo da pia da lavanderia;-22,51364227;-55,71127935;2026;10;2026-03-23 20:22:07;0;sevpontapora.ms;;-22.51364227,-55.71127935;;2026-03-09;2026-03-13
139;Mato Grosso do Sul;Ponta Porã;;Maria Auxiliadora;316;;embaixo da mesa;-22,51341222;-55,71906242;2026;10;2026-03-23 20:22:08;0;sevpontapora.ms;;-22.51341222,-55.71906242;;2026-03-09;2026-03-13
14;Mato Grosso do Sul;Ponta Porã;;Rua: Manoela Viêira Soares;273;;;-22,57044573;-55,69106854;2026;10;2026-03-23 20:21:04;24;sevpontapora.ms;;-22.57044573,-55.69106854;;2026-03-09;2026-03-13
140;Mato Grosso do Sul;Ponta Porã;;Jatobá;326;;prateleira;-22,51345428;-55,72245168;2026;10;2026-03-23 20:22:08;0;sevpontapora.ms;;-22.51345428,-55.72245168;;2026-03-09;2026-03-13
141;Mato Grosso do Sul;Ponta Porã;;Corinto;723;;Embaixo do Tanque;-22,51357094;-55,72647846;2026;10;2026-03-23 20:22:09;0;sevpontapora.ms;;-22.51357094,-55.72647846;;2026-03-09;2026-03-13
142;Mato Grosso do Sul;Ponta Porã;;Fortaleza;533;;varanda;-22,51318072;-55,72994623;2026;10;2026-03-23 20:22:09;37;sevpontapora.ms;;-22.51318072,-55.72994623;;2026-03-09;2026-03-13
143;Mato Grosso do Sul;Ponta Porã;;Pedro Ângelo da Rosa;816 -(Borracharia Vai e Vem);;ao lado do bebedouro;-22,51319383;-55,73272855;2026;10;2026-03-23 20:22:10;0;sevpontapora.ms;;-22.51319383,-55.73272855;;2026-03-09;2026-03-13
144;Mato Grosso do Sul;Ponta Porã;;Rio Preto;53;;varanda;-22,51425869;-55,73720417;2026;10;2026-03-23 20:22:10;53;sevpontapora.ms;;-22.51425869,-55.73720417;;2026-03-09;2026-03-13
145;Mato Grosso do Sul;Ponta Porã;;MS -164;532;;banheiro;-22,51331713;-55,74165512;2026;10;2026-03-23 20:22:11;0;sevpontapora.ms;;-22.51331713,-55.74165512;;2026-03-09;2026-03-13
146;Mato Grosso do Sul;Ponta Porã;;MS - 164;1000;;dentro do pneu;-22,50933567;-55,744296;2026;10;2026-03-23 20:22:11;0;sevpontapora.ms;;-22.50933567,-55.744296;;2026-03-09;2026-03-13
147;Mato Grosso do Sul;Ponta Porã;;Rua da Bandeira;134;;embaixo do tanque;-22,51099954;-55,74075163;2026;10;2026-03-23 20:22:12;10;sevpontapora.ms;;-22.51099954,-55.74075163;;2026-03-09;2026-03-13
148;Mato Grosso do Sul;Ponta Porã;;General Andrade Neves;70;;embaixo da mesa;-22,50900734;-55,73800202;2026;10;2026-03-23 20:22:12;57;sevpontapora.ms;;-22.50900734,-55.73800202;;2026-03-09;2026-03-13
149;Mato Grosso do Sul;Ponta Porã;;Perpétuo Socorro;64;;embaixo do tanque;-22,50938398;-55,73396798;2026;10;2026-03-23 20:22:13;0;sevpontapora.ms;;-22.50938398,-55.73396798;;2026-03-09;2026-03-13
15;Mato Grosso do Sul;Ponta Porã;;R. Vicente Azambuja,;1199;;;-22,57111941;-55,68770036;2026;10;2026-03-23 20:21:04;0;sevpontapora.ms;;-22.57111941,-55.68770036;;2026-03-09;2026-03-13
150;Mato Grosso do Sul;Ponta Porã;;Jasmin;491;;Embaixo do Tanque;-22,50958493;-55,72925073;2026;10;2026-03-23 20:22:14;0;sevpontapora.ms;;-22.50958493,-55.72925073;;2026-03-09;2026-03-13
151;Mato Grosso do Sul;Ponta Porã;;Sapucaia;502;;armário da varanda;-22,50955027;-55,72637296;2026;10;2026-03-23 20:22:14;0;sevpontapora.ms;;-22.50955027,-55.72637296;;2026-03-09;2026-03-13
152;Mato Grosso do Sul;Ponta Porã;;Sapucaia;142;;mesa da varanda da frente;-22,50954528;-55,72227699;2026;10;2026-03-23 20:22:15;64;sevpontapora.ms;;-22.50954528,-55.72227699;;2026-03-09;2026-03-13
153;Mato Grosso do Sul;Ponta Porã;;Inhacarú;745 (CRAS);;canto da sala;-22,5098164;-55,71878692;2026;10;2026-03-23 20:22:15;5;sevpontapora.ms;;-22.5098164,-55.71878692;;2026-03-09;2026-03-13
154;Mato Grosso do Sul;Ponta Porã;;Napoleão Oliveira;226;;embaixo do tanque;-22,50921416;-55,71437454;2026;10;2026-03-23 20:22:16;0;sevpontapora.ms;;-22.50921416,-55.71437454;;2026-03-09;2026-03-13
155;Mato Grosso do Sul;Ponta Porã;;Agápito Boeira;20;;estante da tv;-22,50857908;-55,71158549;2026;10;2026-03-23 20:22:16;80;sevpontapora.ms;;-22.50857908,-55.71158549;;2026-03-09;2026-03-13
156;Mato Grosso do Sul;Ponta Porã;;Equador;193;;dispensa;-22,50978823;-55,70647045;2026;10;2026-03-23 20:22:17;390;sevpontapora.ms;;-22.50978823,-55.70647045;;2026-03-09;2026-03-13
157;Mato Grosso do Sul;Ponta Porã;;Dinamarca;210;;Varanda;-22,50983738;-55,70268828;2026;10;2026-03-23 20:22:17;0;sevpontapora.ms;;-22.50983738,-55.70268828;;2026-03-09;2026-03-13
158;Mato Grosso do Sul;Ponta Porã;;Nicaragua;522;;ao lado da planta;-22,50727471;-55,70334382;2026;10;2026-03-23 20:22:18;0;sevpontapora.ms;;-22.50727471,-55.70334382;;2026-03-09;2026-03-13
159;Mato Grosso do Sul;Ponta Porã;;Av Estoril;1141;;Mesa da Varanda;-22,50477635;-55,70510288;2026;10;2026-03-23 20:22:18;45;sevpontapora.ms;;-22.50477635,-55.70510288;;2026-03-09;2026-03-13
16;Mato Grosso do Sul;Ponta Porã;;R. Jardim dos Estados,;1255;;;-22,57010889;-55,68375516;2026;10;2026-03-23 20:21:05;9;sevpontapora.ms;;-22.57010889,-55.68375516;;2026-03-09;2026-03-13
160;Mato Grosso do Sul;Ponta Porã;;Fernando Peralta;517;;Embaixo do tanque;-22,50627046;-55,71051287;2026;10;2026-03-23 20:22:19;0;sevpontapora.ms;;-22.50627046,-55.71051287;;2026-03-09;2026-03-13
161;Mato Grosso do Sul;Ponta Porã;;Belmiro de Albuquerque;1241;;Embaixo da pia;-22,50617558;-55,71445937;2026;10;2026-03-23 20:22:19;0;sevpontapora.ms;;-22.50617558,-55.71445937;;2026-03-09;2026-03-13
162;Mato Grosso do Sul;Ponta Porã;;Rua: Ezzat Georges;02;;Banheiro;-22,50568773;-55,71852948;2026;10;2026-03-23 20:22:20;101;sevpontapora.ms;;-22.50568773,-55.71852948;;2026-03-09;2026-03-13
163;Mato Grosso do Sul;Ponta Porã;;Pitombeiras;497;;Embaixo do Armário;-22,50587262;-55,72260522;2026;10;2026-03-23 20:22:20;0;sevpontapora.ms;;-22.50587262,-55.72260522;;2026-03-09;2026-03-13
164;Mato Grosso do Sul;Ponta Porã;;Belmiro de Albuquerque;2442;;Armário;-22,50610628;-55,72592202;2026;10;2026-03-23 20:22:21;5;sevpontapora.ms;;-22.50610628,-55.72592202;;2026-03-09;2026-03-13
165;Mato Grosso do Sul;Ponta Porã;;Osvaldo Cruz;57;;fundo;-22,50576527;-55,72971731;2026;10;2026-03-23 20:22:21;7;sevpontapora.ms;;-22.50576527,-55.72971731;;2026-03-09;2026-03-13
166;Mato Grosso do Sul;Ponta Porã;;Rua Acre;230;;varanda;-22,50542325;-55,73375148;2026;10;2026-03-23 20:22:22;0;sevpontapora.ms;;-22.50542325,-55.73375148;;2026-03-09;2026-03-13
167;Mato Grosso do Sul;Ponta Porã;;Padre Pedro Jonh Luiz;95;;armário da frente;-22,50534592;-55,73772283;2026;10;2026-03-23 20:22:22;0;sevpontapora.ms;;-22.50534592,-55.73772283;;2026-03-09;2026-03-13
168;Mato Grosso do Sul;Ponta Porã;;Professor Milton Fróes;152;;varanda;-22,50514894;-55,74050527;2026;10;2026-03-23 20:22:23;170;sevpontapora.ms;;-22.50514894,-55.74050527;;2026-03-09;2026-03-13
169;Mato Grosso do Sul;Ponta Porã;;Av. da Flora;1264;;cozinha;-22,50701371;-55,74597973;2026;10;2026-03-23 20:22:23;41;sevpontapora.ms;;-22.50701371,-55.74597973;;2026-03-09;2026-03-13
17;Mato Grosso do Sul;Ponta Porã;;R. Jabaquara;357;;;-22,57090792;-55,68041423;2026;10;2026-03-23 20:21:05;0;sevpontapora.ms;;-22.57090792,-55.68041423;;2026-03-09;2026-03-13
170;Mato Grosso do Sul;Ponta Porã;;Rua: Projetada 04;02;;embaixo do tanque;-22,50146106;-55,74452021;2026;10;2026-03-23 20:22:24;0;sevpontapora.ms;;-22.50146106,-55.74452021;;2026-03-09;2026-03-13
171;Mato Grosso do Sul;Ponta Porã;;Rua:Marcelo Gonzalez Reichardt;261.1;;varanda;-22,50139;-55,74182;2026;10;2026-03-23 20:22:24;150;sevpontapora.ms;;-22.50139,-55.74182;;2026-03-09;2026-03-13
172;Mato Grosso do Sul;Ponta Porã;;Nelson Monfort;403-1;;em cima da mesa da varanda;-22,5031051;-55,7374472;2026;10;2026-03-23 20:22:25;10;sevpontapora.ms;;-22.5031051,-55.7374472;;2026-03-09;2026-03-13
173;Mato Grosso do Sul;Ponta Porã;;Av.Belmiro de albuquerque;3330 (São José Materiais de Construção;;armário do fundo;-22,5028065;-55,7343831;2026;10;2026-03-23 20:22:25;15;sevpontapora.ms;;-22.5028065,-55.7343831;;2026-03-09;2026-03-13
174;Mato Grosso do Sul;Ponta Porã;;Rua: Astolfo do Amaral;17;;embaixo do tanque;-22,5022768;-55,7299891;2026;10;2026-03-23 20:22:26;0;sevpontapora.ms;;-22.5022768,-55.7299891;;2026-03-09;2026-03-13
175;Mato Grosso do Sul;Ponta Porã;;R. Jabuticabeira;47;;em cima da mesa;-22,5031554;-55,7251693;2026;10;2026-03-23 20:22:26;16;sevpontapora.ms;;-22.5031554,-55.7251693;;2026-03-09;2026-03-13
176;Mato Grosso do Sul;Ponta Porã;;R. Laranjeira;280;;embaixo da pia;-22,5027842;-55,7227262;2026;10;2026-03-23 20:22:27;29;sevpontapora.ms;;-22.5027842,-55.7227262;;2026-03-09;2026-03-13
177;Mato Grosso do Sul;Ponta Porã;;R. Vacaria;677 (Serralheria);;geladeira;-22,5026854;-55,7188097;2026;10;2026-03-23 20:22:27;37;sevpontapora.ms;;-22.5026854,-55.7188097;;2026-03-09;2026-03-13
178;Mato Grosso do Sul;Ponta Porã;;Rua:Lucélia;408;;varanda;-22,5024656;-55,714133;2026;10;2026-03-23 20:22:28;52;sevpontapora.ms;;-22.5024656,-55.714133;;2026-03-09;2026-03-13
179;Mato Grosso do Sul;Ponta Porã;;Rua: Guaruja;565;;geladeira do salão;-22,5025676;-55,7108878;2026;10;2026-03-23 20:22:28;0;sevpontapora.ms;;-22.5025676,-55.7108878;;2026-03-09;2026-03-13
18;Mato Grosso do Sul;Ponta Porã;;Isaac Newton;645;;;-22,56842584;-55,68056438;2026;10;2026-03-23 20:21:06;0;sevpontapora.ms;;-22.56842584,-55.68056438;;2026-03-09;2026-03-13
180;Mato Grosso do Sul;Ponta Porã;;Alameda Caribe;964;;;-22,50032085;-55,7061126;2026;10;2026-03-23 20:22:29;220;sevpontapora.ms;;-22.50032085,-55.7061126;;2026-03-09;2026-03-13
181;Mato Grosso do Sul;Ponta Porã;;Rua: Dinamarca;964;;salão de ferramenta;-22,50231468;-55,70325266;2026;10;2026-03-23 20:22:29;110;sevpontapora.ms;;-22.50231468,-55.70325266;;2026-03-09;2026-03-13
182;Mato Grosso do Sul;Ponta Porã;;Rua: Magdalena J hernandez;1509;;varanda;-22,50017222;-55,7112595;2026;10;2026-03-23 20:22:30;0;sevpontapora.ms;;-22.50017222,-55.7112595;;2026-03-09;2026-03-13
183;Mato Grosso do Sul;Ponta Porã;;Rua Lucélia;Q 06 Lt 13;;cozinha;-22,50053678;-55,71331495;2026;10;2026-03-23 20:22:30;81;sevpontapora.ms;;-22.50053678,-55.71331495;;2026-03-09;2026-03-13
184;Mato Grosso do Sul;Ponta Porã;;Rua: Pessegueiro;N° 384 Q36 L07;;lavanderia;-22,50001124;-55,71985932;2026;10;2026-03-23 20:22:31;0;sevpontapora.ms;;-22.50001124,-55.71985932;;2026-03-09;2026-03-13
185;Mato Grosso do Sul;Ponta Porã;;R. Pindauva;01;;;-22,49946231;-55,72355661;2026;10;2026-03-23 20:22:31;0;sevpontapora.ms;;-22.49946231,-55.72355661;;2026-03-09;2026-03-13
186;Mato Grosso do Sul;Ponta Porã;;R. Januario paz;859;;pia;-22,49819668;-55,72689149;2026;10;2026-03-23 20:22:32;35;sevpontapora.ms;;-22.49819668,-55.72689149;;2026-03-09;2026-03-13
187;Mato Grosso do Sul;Ponta Porã;;Rua  do Norte;82;;;-22,49924843;-55,72966519;2026;10;2026-03-23 20:22:32;11;sevpontapora.ms;;-22.49924843,-55.72966519;;2026-03-09;2026-03-13
188;Mato Grosso do Sul;Ponta Porã;;Rua: Jaciporã;261;;;-22,49783745;-55,73461993;2026;10;2026-03-23 20:22:33;0;sevpontapora.ms;;-22.49783745,-55.73461993;;2026-03-09;2026-03-13
189;Mato Grosso do Sul;Ponta Porã;;Rua::Gonçalves Dias;(posto de saúde-Ipê 2);;embaixo da mesa;-22,4979825;-55,73792295;2026;10;2026-03-23 20:22:33;28;sevpontapora.ms;;-22.4979825,-55.73792295;;2026-03-09;2026-03-13
19;Mato Grosso do Sul;Ponta Porã;;Barra bonita;947;;;-22,56724;-55,68382;2026;10;2026-03-23 20:21:07;92;sevpontapora.ms;;-22.56724,-55.68382;;2026-03-09;2026-03-13
190;Mato Grosso do Sul;Ponta Porã;;Av. Belmiro de albuquerque;422-2;;na pia;-22,4986098;-55,74304352;2026;10;2026-03-23 20:22:34;0;sevpontapora.ms;;-22.4986098,-55.74304352;;2026-03-09;2026-03-13
191;Mato Grosso do Sul;Ponta Porã;;Rua Projetada 1;103;;Area de serviço;-22,4988367;-55,74515834;2026;10;2026-03-23 20:22:34;5;sevpontapora.ms;;-22.4988367,-55.74515834;;2026-03-09;2026-03-13
192;Mato Grosso do Sul;Ponta Porã;;Rodovia Ms 164;s/n (Empresa Lar);;Balcão;-22,49617872;-55,74713457;2026;10;2026-03-23 20:22:35;0;sevpontapora.ms;;-22.49617872,-55.74713457;;2026-03-09;2026-03-13
193;Mato Grosso do Sul;Ponta Porã;;Rua: Algacyr Pissini;55;;Varanda;-22,4963156;-55,74048373;2026;10;2026-03-23 20:22:36;31;sevpontapora.ms;;-22.4963156,-55.74048373;;2026-03-09;2026-03-13
194;Mato Grosso do Sul;Ponta Porã;;Rua: Algacyr Pissini;235;;Varanda;-22,49589635;-55,73742889;2026;10;2026-03-23 20:22:36;28;sevpontapora.ms;;-22.49589635,-55.73742889;;2026-03-09;2026-03-13
195;Mato Grosso do Sul;Ponta Porã;;Jaciporã;231;;Churrasqueira;-22,49586746;-55,73411537;2026;10;2026-03-23 20:22:37;38;sevpontapora.ms;;-22.49586746,-55.73411537;;2026-03-09;2026-03-13
196;Mato Grosso do Sul;Ponta Porã;;Rua dos deputados;351;;;-22,4970815;-55,72979311;2026;10;2026-03-23 20:22:37;0;sevpontapora.ms;;-22.4970815,-55.72979311;;2026-03-09;2026-03-13
197;Mato Grosso do Sul;Ponta Porã;;Rua: Januario Rodrigues da paz;1092;;Lavanderia;-22,49650967;-55,7263839;2026;10;2026-03-23 20:22:38;250;sevpontapora.ms;;-22.49650967,-55.7263839;;2026-03-09;2026-03-13
198;Mato Grosso do Sul;Ponta Porã;;Vital Brasil ( Antiga Junior);s/n;;Fogão;-22,49486894;-55,7217485;2026;10;2026-03-23 20:22:38;107;sevpontapora.ms;;-22.49486894,-55.7217485;;2026-03-09;2026-03-13
199;Mato Grosso do Sul;Ponta Porã;;Rua Joaquim Murtinho;239;;Atras da geladeira;-22,49112196;-55,72262827;2026;10;2026-03-23 20:22:39;69;sevpontapora.ms;;-22.49112196,-55.72262827;;2026-03-09;2026-03-13
2;Mato Grosso do Sul;Ponta Porã;;Rua: Julio Toffoli;549;;;-22,5779;-55,6764;2026;10;2026-03-23 20:20:58;191;sevpontapora.ms;;-22.5779,-55.6764;;2026-03-09;2026-03-13
20;Mato Grosso do Sul;Ponta Porã;;r. nicandro ernesto;572;;;-22,56656;-55,68697;2026;10;2026-03-23 20:21:07;87;sevpontapora.ms;;-22.56656,-55.68697;;2026-03-09;2026-03-13
200;Mato Grosso do Sul;Ponta Porã;;Rua:Vital Brasil;s/n;;;-22,49086615;-55,71996829;2026;10;2026-03-23 20:22:39;12;sevpontapora.ms;;-22.49086615,-55.71996829;;2026-03-09;2026-03-13
201;Mato Grosso do Sul;Ponta Porã;;Vital Brasil;15;;Tanque;-22,48809281;-55,71958501;2026;10;2026-03-23 20:22:40;55;sevpontapora.ms;;-22.48809281,-55.71958501;;2026-03-09;2026-03-13
202;Mato Grosso do Sul;Ponta Porã;;Rua: Juazeiro;48;;;-22,48731823;-55,72204307;2026;10;2026-03-23 20:22:40;41;sevpontapora.ms;;-22.48731823,-55.72204307;;2026-03-09;2026-03-13
203;Mato Grosso do Sul;Ponta Porã;;Rua: Imperatriz;63;;Embaixo do armario;-22,48766553;-55,72511016;2026;10;2026-03-23 20:22:41;43;sevpontapora.ms;;-22.48766553,-55.72511016;;2026-03-09;2026-03-13
204;Mato Grosso do Sul;Ponta Porã;;Rua: Jacy;42;;lavanderia;-22,4873515;-55,7298789;2026;10;2026-03-23 20:22:41;0;sevpontapora.ms;;-22.4873515,-55.7298789;;2026-03-09;2026-03-13
205;Mato Grosso do Sul;Ponta Porã;;"Rua; Roncador";563-1;;Pia;-22,48818079;-55,73509419;2026;10;2026-03-23 20:22:42;1;sevpontapora.ms;;-22.48818079,-55.73509419;;2026-03-09;2026-03-13
206;Mato Grosso do Sul;Ponta Porã;;Rua: Roncador;254;;Pia;-22,48857311;-55,73825811;2026;10;2026-03-23 20:22:42;93;sevpontapora.ms;;-22.48857311,-55.73825811;;2026-03-09;2026-03-13
207;Mato Grosso do Sul;Ponta Porã;;Rua: Salinas;;;;-22,49072721;-55,73705072;2026;10;2026-03-23 20:22:43;24;sevpontapora.ms;;-22.49072721,-55.73705072;;2026-03-09;2026-03-13
208;Mato Grosso do Sul;Ponta Porã;;Rua Das camelias;590;;tanque;-22,49098529;-55,74134939;2026;10;2026-03-23 20:22:43;0;sevpontapora.ms;;-22.49098529,-55.74134939;;2026-03-09;2026-03-13
209;Mato Grosso do Sul;Ponta Porã;;Rua das Flores;257 (Escola Coporã);;;-22,49171739;-55,74485373;2026;10;2026-03-23 20:22:44;10;sevpontapora.ms;;-22.49171739,-55.74485373;;2026-03-09;2026-03-13
21;Mato Grosso do Sul;Ponta Porã;;Rua:Zeferindo dávila monteiro;574;;;-22,566694;-55,6913;2026;10;2026-03-23 20:21:08;0;sevpontapora.ms;;-22.566694,-55.6913;;2026-03-09;2026-03-13
210;Mato Grosso do Sul;Ponta Porã;;Rua: Formosa;148;;Tanque;-22,48803216;-55,74071125;2026;10;2026-03-23 20:22:44;34;sevpontapora.ms;;-22.48803216,-55.74071125;;2026-03-09;2026-03-13
211;Mato Grosso do Sul;Ponta Porã;;MS 164;2960;;Mesa;-22,48732976;-55,74644901;2026;10;2026-03-23 20:22:45;0;sevpontapora.ms;;-22.48732976,-55.74644901;;2026-03-09;2026-03-13
212;Mato Grosso do Sul;Ponta Porã;;MS 164;3222;;Armario;-22,48434491;-55,74671995;2026;10;2026-03-23 20:22:45;0;sevpontapora.ms;;-22.48434491,-55.74671995;;2026-03-09;2026-03-13
213;Mato Grosso do Sul;Ponta Porã;;Av. Lolia Carrilho Novaes;890;;embaixo do tanque;-22,48470312;-55,74143382;2026;10;2026-03-23 20:22:46;0;sevpontapora.ms;;-22.48470312,-55.74143382;;2026-03-09;2026-03-13
214;Mato Grosso do Sul;Ponta Porã;;Rua: Azul (Posto de Saúde);S/N;;cozinha;-22,48431027;-55,73752904;2026;10;2026-03-23 20:22:46;45;sevpontapora.ms;;-22.48431027,-55.73752904;;2026-03-09;2026-03-13
215;Mato Grosso do Sul;Ponta Porã;;Av. Lolia Carillho novaes;184;;varanda;-22,48438909;-55,73413104;2026;10;2026-03-23 20:22:47;0;sevpontapora.ms;;-22.48438909,-55.73413104;;2026-03-09;2026-03-13
216;Mato Grosso do Sul;Ponta Porã;;Rua: Saúde;369;;cozinha;-22,48431098;-55,72997452;2026;10;2026-03-23 20:22:47;144;sevpontapora.ms;;-22.48431098,-55.72997452;;2026-03-09;2026-03-13
217;Mato Grosso do Sul;Ponta Porã;;Rua: Ibitanga;450;;Mesa;-22,48419787;-55,72657945;2026;10;2026-03-23 20:22:48;32;sevpontapora.ms;;-22.48419787,-55.72657945;;2026-03-09;2026-03-13
218;Mato Grosso do Sul;Ponta Porã;;Rua:Camboriu;121;;Geladeira;-22,48409003;-55,7223647;2026;10;2026-03-23 20:22:48;0;sevpontapora.ms;;-22.48409003,-55.7223647;;2026-03-09;2026-03-13
219;Mato Grosso do Sul;Ponta Porã;;Rua: Educacional;659;;Tanque;-22,48467409;-55,71951625;2026;10;2026-03-23 20:22:49;70;sevpontapora.ms;;-22.48467409,-55.71951625;;2026-03-09;2026-03-13
22;Mato Grosso do Sul;Ponta Porã;;R. Cel aurelio do amaral;91;;;-22,5672;-55,69403;2026;10;2026-03-23 20:21:08;40;sevpontapora.ms;;-22.5672,-55.69403;;2026-03-09;2026-03-13
220;Mato Grosso do Sul;Ponta Porã;;Rua: Jardim ivone;536;;Quarto;-22,48289608;-55,72487163;2026;10;2026-03-23 20:22:49;0;sevpontapora.ms;;-22.48289608,-55.72487163;;2026-03-09;2026-03-13
221;Mato Grosso do Sul;Ponta Porã;;Rua dos Engenheiros;20-2;;cozinha;-22,48163084;-55,72963945;2026;10;2026-03-23 20:22:50;0;sevpontapora.ms;;-22.48163084,-55.72963945;;2026-03-09;2026-03-13
222;Mato Grosso do Sul;Ponta Porã;;Rua Cezar jara quintana;227;;Varanda;-22,4818576;-55,73430094;2026;10;2026-03-23 20:22:50;0;sevpontapora.ms;;-22.4818576,-55.73430094;;2026-03-09;2026-03-13
223;Mato Grosso do Sul;Ponta Porã;;Rua: Victor danilo antunes;374;;Recepção;-22,48242255;-55,73711257;2026;10;2026-03-23 20:22:51;36;sevpontapora.ms;;-22.48242255,-55.73711257;;2026-03-09;2026-03-13
224;Mato Grosso do Sul;Ponta Porã;;Rua:Curvelo;124;;Geladeira;-22,47685568;-55,74911615;2026;10;2026-03-23 20:22:51;12;sevpontapora.ms;;-22.47685568,-55.74911615;;2026-03-09;2026-03-13
23;Mato Grosso do Sul;Ponta Porã;;AV. Vinicius soares;;;;-22,562942;-55,6969912;2026;10;2026-03-23 20:21:09;0;sevpontapora.ms;;-22.562942,-55.6969912;;2026-03-09;2026-03-13
24;Mato Grosso do Sul;Ponta Porã;;Rua: Dr. Miguel marcondes;170;;;-22,5634;-55,69371;2026;10;2026-03-23 20:21:09;43;sevpontapora.ms;;-22.5634,-55.69371;;2026-03-09;2026-03-13
25;Mato Grosso do Sul;Ponta Porã;;Rua: Eloah vieira da silva;503;;;-22,5640244;-55,6904818;2026;10;2026-03-23 20:21:10;72;sevpontapora.ms;;-22.5640244,-55.6904818;;2026-03-09;2026-03-13
26;Mato Grosso do Sul;Ponta Porã;;R. Nicandro Ernesto Campos;469;;Prateleira;-22,5641021;-55,6874434;2026;10;2026-03-23 20:21:10;58;sevpontapora.ms;;-22.5641021,-55.6874434;;2026-03-09;2026-03-13
27;Mato Grosso do Sul;Ponta Porã;;Rua: Areia branca;644;;Murinho;-22,56407309;-55,6842683;2026;10;2026-03-23 20:21:11;2;sevpontapora.ms;;-22.56407309,-55.6842683;;2026-03-09;2026-03-13
28;Mato Grosso do Sul;Ponta Porã;;Rua: Isaac newton;1401;;Murinho;-22,56453235;-55,68090247;2026;10;2026-03-23 20:21:11;41;sevpontapora.ms;;-22.56453235,-55.68090247;;2026-03-09;2026-03-13
29;Mato Grosso do Sul;Ponta Porã;;Rua Doutor Miguel Marcondes,;1688-4;;;-22,56044642;-55,68047517;2026;10;2026-03-23 20:21:12;0;sevpontapora.ms;;-22.56044642,-55.68047517;;2026-03-09;2026-03-13
3;Mato Grosso do Sul;Ponta Porã;;Rua itebere vieira;800;;;-22,577616;-55,679396;2026;10;2026-03-23 20:20:58;0;sevpontapora.ms;;-22.577616,-55.679396;;2026-03-09;2026-03-13
30;Mato Grosso do Sul;Ponta Porã;;Rua: Guaiba;390;;Armario;-22,56016578;-55,68404606;2026;10;2026-03-23 20:21:12;56;sevpontapora.ms;;-22.56016578,-55.68404606;;2026-03-09;2026-03-13
31;Mato Grosso do Sul;Ponta Porã;;R. Adalberto Fróes;625;;Tanque;-22,56079166;-55,68720333;2026;10;2026-03-23 20:21:13;0;sevpontapora.ms;;-22.56079166,-55.68720333;;2026-03-09;2026-03-13
32;Mato Grosso do Sul;Ponta Porã;;"Rua; Vera cruz";77;;Armario;-22,55999366;-55,69046526;2026;10;2026-03-23 20:21:13;0;sevpontapora.ms;;-22.55999366,-55.69046526;;2026-03-09;2026-03-13
33;Mato Grosso do Sul;Ponta Porã;;Rua: Piaui;Conviver;;Balcao;-22,55910666;-55,69509773;2026;10;2026-03-23 20:21:14;162;sevpontapora.ms;;-22.55910666,-55.69509773;;2026-03-09;2026-03-13
34;Mato Grosso do Sul;Ponta Porã;;Rua: Cel.Ponce;526;;Cx água;-22,55998724;-55,69918766;2026;10;2026-03-23 20:21:14;0;sevpontapora.ms;;-22.55998724,-55.69918766;;2026-03-09;2026-03-13
35;Mato Grosso do Sul;Ponta Porã;;Rua: 9;145.1;;Ao lado freezer;-22,55979556;-55,70320148;2026;10;2026-03-23 20:21:15;0;sevpontapora.ms;;-22.55979556,-55.70320148;;2026-03-09;2026-03-13
36;Mato Grosso do Sul;Ponta Porã;;Rua Digno torres;474;;Mesa;-22,55640235;-55,70223854;2026;10;2026-03-23 20:21:15;0;sevpontapora.ms;;-22.55640235,-55.70223854;;2026-03-09;2026-03-13
37;Mato Grosso do Sul;Ponta Porã;;Rua: Goias;01;;Dentro do Comercio;-22,55726744;-55,69791178;2026;10;2026-03-23 20:21:16;122;sevpontapora.ms;;-22.55726744,-55.69791178;;2026-03-09;2026-03-13
38;Mato Grosso do Sul;Ponta Porã;;Rua: Geovai;198;;Varanda;-22,55638099;-55,69586885;2026;10;2026-03-23 20:21:16;22;sevpontapora.ms;;-22.55638099,-55.69586885;;2026-03-09;2026-03-13
39;Mato Grosso do Sul;Ponta Porã;;Rua: 21 de abril;303;;Tanque;-22,55668752;-55,69117715;2026;10;2026-03-23 20:21:17;49;sevpontapora.ms;;-22.55668752,-55.69117715;;2026-03-09;2026-03-13
4;Mato Grosso do Sul;Ponta Porã;;Rua: Inacio subtil de oliveira;615;;;-22,58104476;-55,67673754;2026;10;2026-03-23 20:20:59;0;sevpontapora.ms;;-22.58104476,-55.67673754;;2026-03-09;2026-03-13
40;Mato Grosso do Sul;Ponta Porã;;"Rua; Dom Pedro I";411;;Varanda;-22,5571292;-55,68760542;2026;10;2026-03-23 20:21:17;0;sevpontapora.ms;;-22.5571292,-55.68760542;;2026-03-09;2026-03-13
41;Mato Grosso do Sul;Ponta Porã;;Av. Vinicius Soares do Nascimento;S/n (Mec Motos);;Dentro do comercio;-22,55862573;-55,68488637;2026;10;2026-03-23 20:21:18;0;sevpontapora.ms;;-22.55862573,-55.68488637;;2026-03-09;2026-03-13
42;Mato Grosso do Sul;Ponta Porã;;Av. vinicius soares do nascimento;S/n;;Dentro do comercio;-22,55755915;-55,68152588;2026;10;2026-03-23 20:21:18;29;sevpontapora.ms;;-22.55755915,-55.68152588;;2026-03-09;2026-03-13
43;Mato Grosso do Sul;Ponta Porã;;Rua Valparaiso;789;;Churrasqueira;-22,55427267;-55,6883515;2026;10;2026-03-23 20:21:19;98;sevpontapora.ms;;-22.55427267,-55.6883515;;2026-03-09;2026-03-13
44;Mato Grosso do Sul;Ponta Porã;;Rua Passo Fundo;53;;Armario;-22,55437398;-55,6906717;2026;10;2026-03-23 20:21:19;45;sevpontapora.ms;;-22.55437398,-55.6906717;;2026-03-09;2026-03-13
45;Mato Grosso do Sul;Ponta Porã;;Rua: Goias;362;;;-22,5548915;-55,6957812;2026;10;2026-03-23 20:21:20;19;sevpontapora.ms;;-22.5548915,-55.6957812;;2026-03-09;2026-03-13
46;Mato Grosso do Sul;Ponta Porã;;R.9;235;;Armario Banheiro;-22,55286999;-55,69942617;2026;10;2026-03-23 20:21:20;0;sevpontapora.ms;;-22.55286999,-55.69942617;;2026-03-09;2026-03-13
47;Mato Grosso do Sul;Ponta Porã;;Rua Digno torres;799;;;-22,55357348;-55,70128226;2026;10;2026-03-23 20:21:21;123;sevpontapora.ms;;-22.55357348,-55.70128226;;2026-03-09;2026-03-13
48;Mato Grosso do Sul;Ponta Porã;;Luiz quintana;106;;Muro;-22,55065504;-55,70117672;2026;10;2026-03-23 20:21:21;68;sevpontapora.ms;;-22.55065504,-55.70117672;;2026-03-09;2026-03-13
49;Mato Grosso do Sul;Ponta Porã;;Rua: Anaurelino G. Mattos;10;;Tanque;-22,549574;-55,69930225;2026;10;2026-03-23 20:21:22;52;sevpontapora.ms;;-22.549574,-55.69930225;;2026-03-09;2026-03-13
5;Mato Grosso do Sul;Ponta Porã;;Rua: Julio Toffoli;76;;;-22,58085813;-55,67906827;2026;10;2026-03-23 20:20:59;7;sevpontapora.ms;;-22.58085813,-55.67906827;;2026-03-09;2026-03-13
50;Mato Grosso do Sul;Ponta Porã;;Rua: Sao cristovao;171;;Prateleira Fundos;-22,5490969;-55,69430482;2026;10;2026-03-23 20:21:22;22;sevpontapora.ms;;-22.5490969,-55.69430482;;2026-03-09;2026-03-13
51;Mato Grosso do Sul;Ponta Porã;;Rua: Toledo;7;;Atrás da máquina;-22,54763779;-55,69142469;2026;10;2026-03-23 20:21:23;0;sevpontapora.ms;;-22.54763779,-55.69142469;;2026-03-09;2026-03-13
52;Mato Grosso do Sul;Ponta Porã;;Rua: Tietê;115;;Janela;-22,54611011;-55,69863444;2026;10;2026-03-23 20:21:23;0;sevpontapora.ms;;-22.54611011,-55.69863444;;2026-03-09;2026-03-13
53;Mato Grosso do Sul;Ponta Porã;;Rua: Rosa Azul;L12Q10;;Ao lado do tanque;-22,54608832;-55,69531537;2026;10;2026-03-23 20:21:24;0;sevpontapora.ms;;-22.54608832,-55.69531537;;2026-03-09;2026-03-13
54;Mato Grosso do Sul;Ponta Porã;;Rua: Engenheiro mauricio dutra;671;;Churrasqueira;-22,54556159;-55,6908646;2026;10;2026-03-23 20:21:24;0;sevpontapora.ms;;-22.54556159,-55.6908646;;2026-03-09;2026-03-13
55;Mato Grosso do Sul;Ponta Porã;;Rua: Maringá;141;;;-22,54524104;-55,688294;2026;10;2026-03-23 20:21:25;0;sevpontapora.ms;;-22.54524104,-55.688294;;2026-03-09;2026-03-13
56;Mato Grosso do Sul;Ponta Porã;;Rua: Genova;206;;Ao lado gaiola;-22,542453;-55,686857;2026;10;2026-03-23 20:21:25;15;sevpontapora.ms;;-22.542453,-55.686857;;2026-03-09;2026-03-13
57;Mato Grosso do Sul;Ponta Porã;;São joão del rei;31;;no armário;-22,53912;-55,687667;2026;10;2026-03-23 20:21:26;82;sevpontapora.ms;;-22.53912,-55.687667;;2026-03-09;2026-03-13
58;Mato Grosso do Sul;Ponta Porã;;Rua:Doce;3540;;ao lado da churrasqueira;-22,53955412;-55,69017247;2026;10;2026-03-23 20:21:26;52;sevpontapora.ms;;-22.53955412,-55.69017247;;2026-03-09;2026-03-13
59;Mato Grosso do Sul;Ponta Porã;;Rua: Pisa;95;;Em cima do poço;-22,54120896;-55,69042996;2026;10;2026-03-23 20:21:27;241;sevpontapora.ms;;-22.54120896,-55.69042996;;2026-03-09;2026-03-13
6;Mato Grosso do Sul;Ponta Porã;;Rua: Angelica ferreira cardinal;214;;;-22,57907226;-55,68321283;2026;10;2026-03-23 20:21:00;0;sevpontapora.ms;;-22.57907226,-55.68321283;;2026-03-09;2026-03-13
60;Mato Grosso do Sul;Ponta Porã;;Rua: Batista azevedo;2029;;No armário;-22,541706;-55,702726;2026;10;2026-03-23 20:21:27;0;sevpontapora.ms;;-22.541706,-55.702726;;2026-03-09;2026-03-13
61;Mato Grosso do Sul;Ponta Porã;;Rua: Marginal Oeste;571;;embaixo do tanque;-22,54275098;-55,70680137;2026;10;2026-03-23 20:21:28;22;sevpontapora.ms;;-22.54275098,-55.70680137;;2026-03-09;2026-03-13
62;Mato Grosso do Sul;Ponta Porã;;Rua Corumba;573;;embaixo do tanque;-22,54567056;-55,70727567;2026;10;2026-03-23 20:21:28;0;sevpontapora.ms;;-22.54567056,-55.70727567;;2026-03-09;2026-03-13
63;Mato Grosso do Sul;Ponta Porã;;Rua: Aeroporto vracopos;437;;embaixo do tanque;-22,54544707;-55,70352569;2026;10;2026-03-23 20:21:29;0;sevpontapora.ms;;-22.54544707,-55.70352569;;2026-03-09;2026-03-13
64;Mato Grosso do Sul;Ponta Porã;;R. Aeroporto Guararapes,;444;;meio das plantas;-22,54774357;-55,70468267;2026;10;2026-03-23 20:21:30;152;sevpontapora.ms;;-22.54774357,-55.70468267;;2026-03-09;2026-03-13
65;Mato Grosso do Sul;Ponta Porã;;Rua Caceres;N 12;;meio das plantas;-22,5496307;-55,70805432;2026;10;2026-03-23 20:21:30;10;sevpontapora.ms;;-22.5496307,-55.70805432;;2026-03-09;2026-03-13
66;Mato Grosso do Sul;Ponta Porã;;Rua: Corumbá;17;;banheiro;-22,55039674;-55,70920915;2026;10;2026-03-23 20:21:31;0;sevpontapora.ms;;-22.55039674,-55.70920915;;2026-03-09;2026-03-13
67;Mato Grosso do Sul;Ponta Porã;;Rua Epitácio Pessoa,;770;;planteira da frente;-22,5517427;-55,70782915;2026;10;2026-03-23 20:21:31;46;sevpontapora.ms;;-22.5517427,-55.70782915;;2026-03-09;2026-03-13
68;Mato Grosso do Sul;Ponta Porã;;Rua: Modesto Dauzacker;306;;Mesa;-22,55605024;-55,70756005;2026;10;2026-03-23 20:21:32;31;sevpontapora.ms;;-22.55605024,-55.70756005;;2026-03-09;2026-03-13
69;Mato Grosso do Sul;Ponta Porã;;João Gualberto Cabral - Gaúcha Car;517;;embaixo da mesa;-22,55660728;-55,71097685;2026;10;2026-03-23 20:21:32;78;sevpontapora.ms;;-22.55660728,-55.71097685;;2026-03-09;2026-03-13
7;Mato Grosso do Sul;Ponta Porã;;Rua: Itibere vieira;165;;Corredor;-22,5818827;-55,6831812;2026;10;2026-03-23 20:21:00;15;sevpontapora.ms;;-22.5818827,-55.6831812;;2026-03-09;2026-03-13
70;Mato Grosso do Sul;Ponta Porã;;Rua: Avenida Brasil - Produfértil;537;;embaixo do bebedouro;-22,55573954;-55,71435028;2026;10;2026-03-23 20:21:33;0;sevpontapora.ms;;-22.55573954,-55.71435028;;2026-03-09;2026-03-13
71;Mato Grosso do Sul;Ponta Porã;;Rua: João V. Ferreira;117;;Armario;-22,55295413;-55,71023103;2026;10;2026-03-23 20:21:33;19;sevpontapora.ms;;-22.55295413,-55.71023103;;2026-03-09;2026-03-13
72;Mato Grosso do Sul;Ponta Porã;;Rua: Prudente de morais;135;;na estante;-22,55311267;-55,71441528;2026;10;2026-03-23 20:21:34;0;sevpontapora.ms;;-22.55311267,-55.71441528;;2026-03-09;2026-03-13
73;Mato Grosso do Sul;Ponta Porã;;Rua: Primeiro de outubro - Receita Federal;129;;depósito;-22,55243409;-55,71767803;2026;10;2026-03-23 20:21:34;0;sevpontapora.ms;;-22.55243409,-55.71767803;;2026-03-09;2026-03-13
74;Mato Grosso do Sul;Ponta Porã;;Av. Intenacional;1294;;em cima dos pneus;-22,55199534;-55,72196827;2026;10;2026-03-23 20:21:35;0;sevpontapora.ms;;-22.55199534,-55.72196827;;2026-03-09;2026-03-13
75;Mato Grosso do Sul;Ponta Porã;;Rua: 18 de Julho;374;;embaixo do tanque;-22,54962682;-55,7193726;2026;10;2026-03-23 20:21:35;0;sevpontapora.ms;;-22.54962682,-55.7193726;;2026-03-09;2026-03-13
76;Mato Grosso do Sul;Ponta Porã;;Rua: Marechal Floriano;757;;;-22,54909175;-55,72229084;2026;10;2026-03-23 20:21:36;0;sevpontapora.ms;;-22.54909175,-55.72229084;;2026-03-09;2026-03-13
77;Mato Grosso do Sul;Ponta Porã;;Rua: 13 de Setembro;1920;;Galpao;-22,54745872;-55,72506861;2026;10;2026-03-23 20:21:36;52;sevpontapora.ms;;-22.54745872,-55.72506861;;2026-03-09;2026-03-13
78;Mato Grosso do Sul;Ponta Porã;;Rua: 13 setembro,;2182;;;-22,54567651;-55,72658292;2026;10;2026-03-23 20:21:37;0;sevpontapora.ms;;-22.54567651,-55.72658292;;2026-03-09;2026-03-13
79;Mato Grosso do Sul;Ponta Porã;;Av. Brasil;1971;;cozinha;-22,54564195;-55,72230274;2026;10;2026-03-23 20:21:37;0;sevpontapora.ms;;-22.54564195,-55.72230274;;2026-03-09;2026-03-13
8;Mato Grosso do Sul;Ponta Porã;;Rua Lino do Amaral;61;;Varanda;-22,5807243;-55,6872979;2026;10;2026-03-23 20:21:01;0;sevpontapora.ms;;-22.5807243,-55.6872979;;2026-03-09;2026-03-13
80;Mato Grosso do Sul;Ponta Porã;;Travessa Ilizio Cabral 20;s/n;;;-22,54243492;-55,72336508;2026;10;2026-03-23 20:21:38;119;sevpontapora.ms;;-22.54243492,-55.72336508;;2026-03-09;2026-03-13
81;Mato Grosso do Sul;Ponta Porã;;Rua: Duque de caxias;330;;;-22,54187634;-55,7252612;2026;10;2026-03-23 20:21:38;151;sevpontapora.ms;;-22.54187634,-55.7252612;;2026-03-09;2026-03-13
82;Mato Grosso do Sul;Ponta Porã;;Rua: Guia Lopes;11;;Restaurante;-22,5413799;-55,72847513;2026;10;2026-03-23 20:21:39;0;sevpontapora.ms;;-22.5413799,-55.72847513;;2026-03-09;2026-03-13
83;Mato Grosso do Sul;Ponta Porã;;Rua: Marechal Floriano;2104-1;;;-22,53820736;-55,72967611;2026;10;2026-03-23 20:21:39;0;sevpontapora.ms;;-22.53820736,-55.72967611;;2026-03-09;2026-03-13
84;Mato Grosso do Sul;Ponta Porã;;Rua 7 de Setembro;603;;;-22,53801992;-55,72637618;2026;10;2026-03-23 20:21:40;0;sevpontapora.ms;;-22.53801992,-55.72637618;;2026-03-09;2026-03-13
85;Mato Grosso do Sul;Ponta Porã;;Rua: Guia Lopes;850;;;-22,53738867;-55,72184367;2026;10;2026-03-23 20:21:40;147;sevpontapora.ms;;-22.53738867,-55.72184367;;2026-03-09;2026-03-13
86;Mato Grosso do Sul;Ponta Porã;;Travesa Iguatemi;38;;;-22,53737405;-55,71968077;2026;10;2026-03-23 20:21:41;46;sevpontapora.ms;;-22.53737405,-55.71968077;;2026-03-09;2026-03-13
87;Mato Grosso do Sul;Ponta Porã;;Rua: Manuel dias de pinho;96;Zoocenter Veterinária;ao lado do corredor;-22,53449145;-55,71560914;2026;10;2026-03-23 20:21:41;27;sevpontapora.ms;;-22.53449145,-55.71560914;;2026-03-09;2026-03-13
88;Mato Grosso do Sul;Ponta Porã;;Rua Guia Lopes;1276;casa;varanda;-22,53492307;-55,71827699;2026;10;2026-03-23 20:21:42;292;sevpontapora.ms;;-22.53492307,-55.71827699;;2026-03-09;2026-03-13
89;Mato Grosso do Sul;Ponta Porã;;Rua: 7 De setembro;935;Casa de Cortinas;embaixo da mesa do escritório;-22,53535495;-55,72233313;2026;10;2026-03-23 20:21:42;23;sevpontapora.ms;;-22.53535495,-55.72233313;;2026-03-09;2026-03-13
9;Mato Grosso do Sul;Ponta Porã;;Rua:Joao manoel Cardinal;01;;Chão deposito;-22,5777256;-55,6879824;2026;10;2026-03-23 20:21:01;0;sevpontapora.ms;;-22.5777256,-55.6879824;;2026-03-09;2026-03-13
90;Mato Grosso do Sul;Ponta Porã;;Rua: Tiradentes;589;;Em cima da casa da tartaruga;-22,53550773;-55,72576491;2026;10;2026-03-23 20:21:43;18;sevpontapora.ms;;-22.53550773,-55.72576491;;2026-03-09;2026-03-13
91;Mato Grosso do Sul;Ponta Porã;;Rua: Presidente Vargas;277;;Jardim Lateral;-22,53550158;-55,72922382;2026;10;2026-03-23 20:21:43;71;sevpontapora.ms;;-22.53550158,-55.72922382;;2026-03-09;2026-03-13
92;Mato Grosso do Sul;Ponta Porã;;Rua: Marechal Floriano;2540;Laboratório Ponta Porã;recepção;-22,53475133;-55,73247758;2026;10;2026-03-23 20:21:44;0;sevpontapora.ms;;-22.53475133,-55.73247758;;2026-03-09;2026-03-13
93;Mato Grosso do Sul;Ponta Porã;;Rua: Baltazar Saldanha;109;;fundos da oficina;-22,53125897;-55,73354231;2026;10;2026-03-23 20:21:44;0;sevpontapora.ms;;-22.53125897,-55.73354231;;2026-03-09;2026-03-13
94;Mato Grosso do Sul;Ponta Porã;;Rua: Joaquim Teixeira;451;;embaixo do armário;-22,53129731;-55,72997704;2026;10;2026-03-23 20:21:45;0;sevpontapora.ms;;-22.53129731,-55.72997704;;2026-03-09;2026-03-13
95;Mato Grosso do Sul;Ponta Porã;;Rua: Calogeras;989;;Garagem;-22,53127717;-55,72538435;2026;10;2026-03-23 20:21:45;132;sevpontapora.ms;;-22.53127717,-55.72538435;;2026-03-09;2026-03-13
96;Mato Grosso do Sul;Ponta Porã;;Rua: Tomaz machado;650;;perto da porta;-22,53170396;-55,72274168;2026;10;2026-03-23 20:21:46;0;sevpontapora.ms;;-22.53170396,-55.72274168;;2026-03-09;2026-03-13
97;Mato Grosso do Sul;Ponta Porã;;Rua: Tiradentes;1579;;Pia;-22,53109044;-55,71834445;2026;10;2026-03-23 20:21:46;3;sevpontapora.ms;;-22.53109044,-55.71834445;;2026-03-09;2026-03-13
98;Mato Grosso do Sul;Ponta Porã;;Rua: 7 de setembro;1835;;perto da máquina de costura;-22,53083278;-55,71497559;2026;10;2026-03-23 20:21:47;0;sevpontapora.ms;;-22.53083278,-55.71497559;;2026-03-09;2026-03-13
99;Mato Grosso do Sul;Ponta Porã;;Rua: Guia Lopes;2177;;Churrasqueira;-22,53000035;-55,71149945;2026;10;2026-03-23 20:21:47;39;sevpontapora.ms;;-22.53000035,-55.71149945;;2026-03-09;2026-03-13
